id;code;name;description;modified_date;created_date
1;off machine;along;parched psst next;2025-05-10T03:15:08;2025-05-10T13:01:52
2;inasmuch elver in;blah interchange;wonderfully pfft inasmuch;2025-05-09T22:55:30;2025-05-09T14:00:32
3;impressionable than;evenly kaleidoscopic multicolored;after fooey;2025-05-10T09:05:10;2025-05-09T21:50:16
4;home;duh mortally;forenenst ack;2025-05-09T19:15:07;2025-05-09T18:26:41
5;plastic massive though;redesign;quaintly;2025-05-10T00:05:17;2025-05-10T00:12:49
6;strange;word psst;regarding adjourn;2025-05-09T19:45:22;2025-05-10T07:12:44
7;peppery amongst;ridge;between;2025-05-09T19:25:35;2025-05-10T01:26:18
8;noisily hutch intent;vision fooey;all paintwork intensely;2025-05-09T21:04:13;2025-05-10T02:01:16
9;although or daddy;amidst;anenst cheetah;2025-05-10T00:29:16;2025-05-09T14:34:55
10;dwell gee;now compete;nerve;2025-05-09T16:38:00;2025-05-10T04:43:57
